id;title;dueDate;completed
1;Consequuntur autem nulla provident dignissimos rerum minima odio velit nesciunt debitis;1607603598000;1
2;Voluptates totam amet adipisci esse harum alias repudiandae minus incidunt;1607603598000;1
3;Lorem ipsum dolor sit amet consectetur adipisicing elit;1607603598000;1
4;Lorem ipsum dolor sit amet consectetur adipisicing elit;1607603598000;1
5;Voluptates totam amet adipisci esse harum alias repudiandae minus incidunt;1607603598000;1
6;Lorem ipsum dolor sit amet consectetur adipisicing elit;1607603598000;1
7;Lorem ipsum dolor sit amet consectetur adipisicing elit;1607603598000;1
8;Consequuntur autem nulla provident dignissimos rerum minima odio velit nesciunt debitis;1
9;Lorem ipsum dolor sit amet consectetur adipisicing elit;1607603598000;1
10;Voluptates totam amet adipisci esse harum alias repudiandae minus incidunt;1607603598000;1
11;Lorem ipsum dolor sit amet consectetur adipisicing elit;1607603598000;1
12;Consequuntur autem nulla provident dignissimos rerum minima odio velit nesciunt debitis;1607603598000;1
14;Lorem ipsum dolor sit amet consectetur adipisicing elit;1607603598000;1
13;Voluptates totam amet adipisci esse harum alias repudiandae minus incidunt;1607603598000;1
15;Lorem ipsum dolor sit amet consectetur adipisicing elit;1607603598000;1
16;Lorem ipsum dolor sit amet consectetur adipisicing elit;1607603598000;1
17;Consequuntur autem nulla provident dignissimos rerum minima odio velit nesciunt debitis;1607603598000;1
18;Lorem ipsum dolor sit amet consectetur adipisicing elit;1607603598000;1
